{
  "loss": [
    4.962253093719482,
    4.966838359832764,
    4.619876861572266,
    4.510046482086182,
    4.6966118812561035,
    4.327085971832275,
    4.383248329162598,
    4.124789237976074,
    4.051294326782227,
    3.6917171478271484,
    4.1426100730896,
    4.012088298797607,
    3.8755767345428467,
    3.8262243270874023,
    4.195091247558594,
    3.7493529319763184,
    3.635340452194214,
    3.61944842338562,
    3.583632707595825
  ],
  "accuracy": [
    0.033898305147886276,
    0.016949152573943138,
    0.0,
    0.033898305147886276,
    0.033898305147886276,
    0.06779661029577255,
    0.08474576473236084,
    0.08474576473236084,
    0.050847455859184265,
    0.18644067645072937,
    0.050847455859184265,
    0.033898305147886276,
    0.1355932205915451,
    0.1525423675775528,
    0.050847455859184265,
    0.16949152946472168,
    0.1525423675775528,
    0.08474576473236084,
    0.1525423675775528
  ],
  "top_3_accuracy": [
    0.06779661029577255,
    0.033898305147886276,
    0.050847455859184265,
    0.050847455859184265,
    0.06779661029577255,
    0.11864406615495682,
    0.1525423675775528,
    0.23728813230991364,
    0.11864406615495682,
    0.3050847351551056,
    0.16949152946472168,
    0.22033898532390594,
    0.16949152946472168,
    0.23728813230991364,
    0.1525423675775528,
    0.2881355881690979,
    0.2711864411830902,
    0.2711864411830902,
    0.33898305892944336
  ],
  "val_loss": [
    4.267172813415527,
    4.230612754821777,
    4.200738430023193,
    4.18943452835083,
    4.198015213012695,
    4.191300392150879,
    4.206772804260254,
    4.2088727951049805,
    4.209074020385742,
    4.238550186157227,
    4.262314319610596,
    4.286471843719482,
    4.312458038330078,
    4.331961154937744,
    4.347192764282227,
    4.367574691772461,
    4.388636589050293,
    4.404715061187744,
    4.429203987121582
  ],
  "val_accuracy": [
    0.03846153989434242,
    0.03846153989434242,
    0.03846153989434242,
    0.07692307978868484,
    0.03846153989434242,
    0.0,
    0.0,
    0.0,
    0.0,
    0.0,
    0.0,
    0.0,
    0.0,
    0.0,
    0.0,
    0.0,
    0.0,
    0.0,
    0.0
  ],
  "val_top_3_accuracy": [
    0.07692307978868484,
    0.07692307978868484,
    0.07692307978868484,
    0.07692307978868484,
    0.03846153989434242,
    0.03846153989434242,
    0.0,
    0.03846153989434242,
    0.03846153989434242,
    0.03846153989434242,
    0.03846153989434242,
    0.03846153989434242,
    0.03846153989434242,
    0.03846153989434242,
    0.03846153989434242,
    0.03846153989434242,
    0.07692307978868484,
    0.07692307978868484,
    0.07692307978868484
  ],
  "lr": [
    0.0010000000474974513,
    0.0010000000474974513,
    0.0010000000474974513,
    0.0010000000474974513,
    0.0010000000474974513,
    0.0010000000474974513,
    0.0010000000474974513,
    0.0010000000474974513,
    0.0010000000474974513,
    0.0005000000237487257,
    0.0005000000237487257,
    0.0005000000237487257,
    0.0005000000237487257,
    0.0005000000237487257,
    0.0002500000118743628,
    0.0002500000118743628,
    0.0002500000118743628,
    0.0002500000118743628,
    0.0002500000118743628
  ]
}